Year,State,Population,Health_Burden_Score,Allocated_Budget_Cr,Utilized_Budget_Cr,Utilization_Percentage,Surplus_Deficit_Cr,GDP_Per_Capita,Poverty_Rate,Hospital_Beds_per_1000,Doctors_per_1000,Infant_Mortality_Rate,Elderly_Population_Percentage,Urban_Population_Percentage,Disease_Prevalence_Index,Health_Infra_Index,Need_Index
2010,Andaman and Nicobar Islands,130829135,68,5233,4733,90.45,500,49373.0,32.76,1.36,0.91,56.97,8.34,52.49,98.0,1.34,0.59
2011,Andaman and Nicobar Islands,132399084,71,5651,5744,101.65,-93,54536.0,33.37,1.3,0.87,60.45,10.45,54.8,147.86,1.55,0.61
2012,Andaman and Nicobar Islands,133987873,70,6103,5824,95.43,279,60860.0,34.93,1.4,0.93,55.08,7.9,30.58,127.42,1.41,0.79
2013,Andaman and Nicobar Islands,135595728,67,6592,5896,89.44,696,63473.15,33.01,1.46,0.98,55.59,7.71,56.1,94.99,1.54,0.6
2014,Andaman and Nicobar Islands,137222876,65,7119,6513,91.49,606,69161.8,31.9,1.58,1.05,56.59,5.27,45.37,145.89,1.64,0.67
2015,Andaman and Nicobar Islands,138869551,63,7689,6780,88.18,909,66811.59,30.3,1.51,1.01,55.82,5.77,46.25,63.82,1.32,0.58
2016,Andaman and Nicobar Islands,140535985,62,8304,8516,102.55,-212,78484.52,31.35,1.68,1.12,54.02,8.57,22.23,95.12,1.33,0.71
2017,Andaman and Nicobar Islands,142222417,58,8968,7835,87.37,1133,78744.07,30.5,1.82,1.21,49.41,7.23,36.57,56.41,1.83,0.54
2018,Andaman and Nicobar Islands,143929086,51,9686,9864,101.84,-178,86440.31,27.0,1.9,1.27,47.55,9.53,53.66,76.47,1.7,0.41
2019,Andaman and Nicobar Islands,145656235,52,10461,10364,99.07,97,95751.96,27.41,1.85,1.23,46.89,7.02,37.33,125.61,1.67,0.53
2020,Andaman and Nicobar Islands,147404110,49,11298,9865,87.32,1433,100505.57,27.31,2.07,1.38,43.92,10.37,36.47,117.54,1.73,0.59
2021,Andaman and Nicobar Islands,149172960,50,12201,11334,92.89,867,109903.6,28.14,2.22,1.48,45.45,9.33,38.99,97.01,2.11,0.45
2022,Andaman and Nicobar Islands,150963035,43,13178,12703,96.4,475,113794.58,24.61,2.05,1.37,39.86,9.14,42.97,115.32,1.96,0.39
2023,Andaman and Nicobar Islands,152774591,41,14232,14898,104.68,-666,117774.25,24.42,2.31,1.54,40.18,6.82,41.48,94.79,1.8,0.33
2024,Andaman and Nicobar Islands,154607887,40,15370,15459,100.58,-89,124549.71,23.39,2.15,1.44,39.02,11.05,36.46,64.0,1.66,0.33
2010,Andhra Pradesh,180983109,84,7239,6760,93.38,479,52751.0,44.35,1.6,1.07,57.79,9.8,28.18,137.81,1.29,0.85
2011,Andhra Pradesh,183154906,83,7818,8113,103.77,-295,51549.0,42.45,1.72,1.15,62.05,10.45,48.64,130.28,1.4,0.82
2012,Andhra Pradesh,185352765,83,8443,8344,98.83,99,61165.0,44.42,1.86,1.24,58.07,7.21,47.46,133.46,1.45,0.84
2013,Andhra Pradesh,187576998,79,9119,8606,94.37,513,57558.15,42.41,1.87,1.25,57.42,5.67,56.13,61.95,1.76,0.7
2014,Andhra Pradesh,189827922,75,9849,9532,96.78,317,62218.8,41.44,2.05,1.37,54.21,9.9,24.09,91.41,1.98,0.68
2015,Andhra Pradesh,192105857,72,10636,9338,87.8,1298,65588.59,40.28,2.04,1.36,52.28,10.55,21.19,138.31,1.88,0.63
2016,Andhra Pradesh,194411127,71,11487,10562,91.95,925,77746.52,41.06,2.15,1.43,48.71,10.26,49.04,138.33,2.01,0.8
2017,Andhra Pradesh,196744061,69,12406,12731,102.62,-325,78501.07,38.95,2.18,1.45,52.01,5.08,39.92,57.38,2.12,0.74
2018,Andhra Pradesh,199104989,66,13399,11396,85.05,2003,83427.31,38.32,2.27,1.51,48.65,9.32,33.07,102.71,2.24,0.67
2019,Andhra Pradesh,201494249,62,14471,13078,90.37,1393,88798.96,37.49,2.44,1.63,46.0,10.82,42.05,57.01,2.11,0.61
2020,Andhra Pradesh,203912180,60,15629,13673,87.48,1956,101153.57,36.13,2.5,1.67,45.4,5.14,21.05,52.83,2.02,0.64
2021,Andhra Pradesh,206359127,60,16879,14766,87.48,2113,105824.6,36.22,2.54,1.7,45.76,6.95,43.43,146.96,2.23,0.67
2022,Andhra Pradesh,208835436,59,18229,17056,93.57,1173,113197.58,35.99,2.56,1.71,45.09,7.53,26.13,143.72,2.46,0.58
2023,Andhra Pradesh,211341461,54,19688,16784,85.25,2904,116083.25,34.05,2.72,1.82,43.1,5.5,58.69,106.81,2.14,0.55
2024,Andhra Pradesh,213877559,53,21263,21598,101.58,-335,132509.71,34.55,2.69,1.8,38.92,6.1,20.74,57.0,2.29,0.55
2010,Arunachal Pradesh,111852301,79,4474,4041,90.32,433,45433.0,40.59,1.72,1.14,61.01,9.35,41.17,63.46,1.65,0.75
2011,Arunachal Pradesh,113194528,77,4832,4500,93.13,332,56670.0,40.56,1.84,1.23,57.31,6.24,58.79,79.7,1.6,0.78
2012,Arunachal Pradesh,114552862,76,5218,4665,89.4,553,53833.0,40.94,1.87,1.25,54.22,7.45,38.71,70.17,1.83,0.68
2013,Arunachal Pradesh,115927497,71,5636,5907,104.81,-271,65869.15,40.69,2.04,1.36,48.52,5.84,25.94,135.23,1.86,0.73
2014,Arunachal Pradesh,117318627,72,6086,6333,104.06,-247,67845.8,38.28,1.97,1.31,56.94,8.81,23.28,86.63,2.02,0.73
2015,Arunachal Pradesh,118726450,69,6573,6754,102.75,-181,65612.59,38.27,2.08,1.38,52.35,11.59,40.12,120.2,2.01,0.68
2016,Arunachal Pradesh,120151168,66,7099,7430,104.66,-331,74121.52,38.38,2.18,1.45,46.62,8.09,40.16,82.35,1.81,0.57
2017,Arunachal Pradesh,121592982,64,7667,6536,85.25,1131,82444.07,37.37,2.34,1.56,48.73,10.58,30.78,108.27,1.77,0.62
2018,Arunachal Pradesh,123052098,58,8281,8650,104.46,-369,85567.31,35.11,2.45,1.63,44.41,5.79,32.53,54.18,2.28,0.59
2019,Arunachal Pradesh,124528723,59,8943,8661,96.85,282,93688.96,34.38,2.32,1.55,47.76,10.5,41.29,146.83,2.09,0.67
2020,Arunachal Pradesh,126023067,54,9659,9984,103.36,-325,93454.57,32.03,2.42,1.62,45.41,9.14,33.85,76.38,2.36,0.48
2021,Arunachal Pradesh,127535344,54,10431,10395,99.65,36,107825.6,35.21,2.64,1.76,38.81,11.27,53.51,103.65,2.15,0.45
2022,Arunachal Pradesh,129065768,52,11266,9576,85.0,1690,110657.58,31.47,2.58,1.72,44.34,5.65,27.0,101.49,2.45,0.46
2023,Arunachal Pradesh,130614558,51,12167,12458,102.39,-291,119849.25,32.08,2.72,1.81,43.47,6.93,25.81,100.54,2.21,0.42
2024,Arunachal Pradesh,132181932,48,13141,13269,100.97,-128,125289.71,30.95,2.74,1.83,40.41,5.22,29.18,120.46,2.08,0.51
2010,Assam,35825592,78,1433,1347,94.0,86,52161.0,35.77,0.84,0.56,60.56,6.51,34.16,99.26,1.31,0.71
2011,Assam,36255499,70,1547,1451,93.79,96,58334.0,33.4,1.01,0.67,54.18,6.1,41.79,128.03,1.05,0.74
2012,Assam,36690565,72,1671,1562,93.48,109,58083.0,32.65,0.89,0.6,59.04,7.9,51.49,121.36,0.81,0.7
2013,Assam,37130851,66,1805,1607,89.03,198,64312.15,31.81,1.11,0.74,51.82,9.58,46.51,137.11,1.43,0.68
2014,Assam,37576422,65,1949,1845,94.66,104,61977.8,30.92,1.13,0.75,54.13,7.54,48.31,124.67,1.37,0.57
2015,Assam,38027339,64,2105,2016,95.77,89,73816.59,29.35,1.14,0.76,55.45,10.78,40.86,64.26,1.14,0.64
2016,Assam,38483667,61,2274,2148,94.46,126,73320.52,29.39,1.37,0.91,53.1,9.18,22.68,57.26,1.23,0.65
2017,Assam,38945471,60,2455,2413,98.29,42,83964.07,30.52,1.38,0.92,47.37,7.31,34.47,102.61,1.37,0.52
2018,Assam,39412816,56,2652,2729,102.9,-77,81272.31,28.67,1.54,1.03,46.87,10.5,31.34,138.19,1.55,0.61
2019,Assam,39885770,57,2864,2991,104.43,-127,89514.96,28.71,1.48,0.99,47.77,10.96,41.74,58.98,1.48,0.63
2020,Assam,40364399,49,3093,2653,85.77,440,100329.57,23.87,1.52,1.01,47.24,12.0,30.72,75.72,1.38,0.41
2021,Assam,40848772,46,3341,3505,104.91,-164,101265.6,24.38,1.7,1.13,42.96,7.49,41.89,99.18,1.41,0.39
2022,Assam,41338958,46,3608,3566,98.84,42,116277.58,24.82,1.78,1.19,41.33,11.27,33.63,56.47,1.9,0.41
2023,Assam,41835025,43,3897,3552,91.15,345,124929.25,24.73,1.89,1.26,38.74,8.93,56.79,59.49,1.71,0.35
2024,Assam,42337045,45,4209,3887,92.35,322,133474.71,25.68,1.93,1.29,39.45,6.43,29.62,132.79,2.07,0.54
2010,Bihar,127329690,87,5093,5249,103.06,-156,54274.0,41.84,0.76,0.51,59.23,9.43,20.21,107.24,0.92,0.91
2011,Bihar,128857646,86,5500,5100,92.73,400,52285.0,40.22,0.64,0.43,61.54,5.31,58.27,93.61,1.2,0.76
2012,Bihar,130403938,82,5940,6077,102.31,-137,56767.0,40.35,0.86,0.57,55.56,10.9,57.01,137.03,1.27,0.76
2013,Bihar,131968785,79,6415,6264,97.65,151,64634.15,39.02,0.86,0.57,54.18,6.56,25.55,107.7,0.98,0.77
2014,Bihar,133552410,77,6929,6392,92.25,537,65113.8,36.15,0.95,0.63,58.18,9.46,27.66,99.78,0.94,0.85
2015,Bihar,135155039,77,7483,7714,103.09,-231,72779.59,38.44,1.05,0.7,54.1,7.83,33.25,107.21,1.41,0.75
2016,Bihar,136776900,72,8082,7031,87.0,1051,78780.52,37.0,1.21,0.81,50.74,5.45,57.76,66.29,1.36,0.78
2017,Bihar,138418222,70,8728,7610,87.19,1118,78752.07,35.74,1.2,0.8,50.46,9.79,40.59,107.16,1.5,0.61
2018,Bihar,140079241,70,9427,8920,94.62,507,85932.31,36.5,1.28,0.85,49.06,11.49,27.1,65.3,1.63,0.65
2019,Bihar,141760192,65,10181,9185,90.22,996,91604.96,34.5,1.41,0.94,45.82,7.89,36.76,140.24,1.73,0.64
2020,Bihar,143461314,63,10995,9354,85.08,1641,96886.57,32.8,1.45,0.97,48.35,8.24,25.82,80.88,1.62,0.63
2021,Bihar,145182850,60,11875,10557,88.9,1318,105658.6,32.74,1.53,1.02,43.81,8.93,20.42,72.99,1.24,0.52
2022,Bihar,146925044,58,12825,12273,95.7,552,114745.58,32.17,1.54,1.02,40.98,9.67,37.65,77.25,1.79,0.61
2023,Bihar,148688145,55,13851,12908,93.19,943,117563.25,31.17,1.68,1.12,38.93,10.68,40.63,98.97,1.84,0.55
2024,Bihar,150472403,54,14959,15196,101.58,-237,125400.71,30.79,1.86,1.24,40.44,10.51,47.53,83.99,1.7,0.46
2010,Chandigarh,148647043,38,5945,5406,90.93,539,45740.0,12.04,1.57,1.05,62.74,6.31,23.23,123.84,1.51,0.38
2011,Chandigarh,150430807,34,6421,6130,95.47,291,57970.0,11.71,1.6,1.07,55.31,8.44,49.27,51.46,1.32,0.42
2012,Chandigarh,152235977,33,6935,6695,96.54,240,55427.0,10.71,1.75,1.17,58.99,5.01,40.62,113.98,1.96,0.23
2013,Chandigarh,154062808,30,7490,6369,85.03,1121,61201.15,10.24,1.86,1.24,54.24,8.29,59.26,89.89,1.93,0.38
2014,Chandigarh,155911562,29,8089,7897,97.63,192,63846.8,10.26,1.89,1.26,53.39,10.72,42.64,113.54,1.95,0.38
2015,Chandigarh,157782501,24,8736,7699,88.13,1037,74372.59,7.45,1.92,1.28,52.3,10.85,53.8,114.37,1.56,0.18
2016,Chandigarh,159675891,25,9435,9800,103.87,-365,76687.52,6.6,1.95,1.3,56.33,5.78,53.74,84.6,1.56,0.34
2017,Chandigarh,161592002,17,10190,8972,88.05,1218,81976.07,6.12,2.11,1.41,44.7,7.25,24.7,85.97,2.03,0.1
2018,Chandigarh,163531106,13,11005,9896,89.92,1109,82388.31,5.27,2.28,1.52,42.2,10.29,45.1,124.8,2.31,0.1
2019,Chandigarh,165493479,21,11885,12292,103.42,-407,93563.96,6.97,2.26,1.51,51.72,11.68,36.31,139.86,1.91,0.18
2020,Chandigarh,167479401,12,12836,12464,97.1,372,99766.57,3.99,2.26,1.51,43.66,11.89,56.18,76.1,2.06,0.1
2021,Chandigarh,169489153,10,13863,12397,89.43,1466,105971.6,3.52,2.35,1.57,39.6,7.55,52.41,56.01,2.04,0.1
2022,Chandigarh,171523023,10,14972,13031,87.04,1941,110675.58,2.0,2.53,1.69,43.64,7.41,52.8,142.46,2.34,0.1
2023,Chandigarh,173581300,10,16170,16414,101.51,-244,118974.25,2.56,2.57,1.71,38.1,9.62,59.46,60.75,2.26,0.1
2024,Chandigarh,175664275,10,17464,17741,101.59,-277,133085.71,2.86,2.59,1.73,40.75,5.67,24.99,122.36,2.05,0.12
2010,Chhattisgarh,77208746,90,3088,2831,91.68,257,51462.0,42.99,0.69,0.46,61.52,9.36,37.53,123.59,0.97,0.88
2011,Chhattisgarh,78135250,91,3335,3150,94.45,185,54257.0,44.79,0.95,0.63,60.51,9.75,52.07,95.82,1.24,0.99
2012,Chhattisgarh,79072873,83,3602,3352,93.06,250,60010.0,41.17,0.81,0.54,54.89,6.52,48.69,149.42,0.89,0.92
2013,Chhattisgarh,80021748,83,3890,3992,102.62,-102,61454.15,40.88,1.03,0.69,58.83,10.75,32.24,124.54,1.12,0.89
2014,Chhattisgarh,80982009,84,4201,3905,92.95,296,62346.8,41.79,1.01,0.68,56.9,10.4,50.59,78.39,0.99,0.76
2015,Chhattisgarh,81953793,76,4537,4215,92.9,322,71420.59,38.29,0.95,0.64,51.78,8.92,42.23,105.21,1.11,0.71
2016,Chhattisgarh,82937239,75,4900,4892,99.84,8,80014.52,39.13,1.21,0.81,50.06,10.78,47.33,63.93,1.43,0.73
2017,Chhattisgarh,83932485,77,5292,5219,98.62,73,83114.07,39.9,1.25,0.83,50.95,5.62,45.16,127.95,1.15,0.77
2018,Chhattisgarh,84939675,67,5716,4992,87.33,724,84294.31,34.43,1.31,0.87,48.66,9.97,28.18,99.04,1.09,0.69
2019,Chhattisgarh,85958951,68,6173,5277,85.49,896,89833.96,37.06,1.47,0.98,45.68,9.91,51.87,62.27,1.69,0.64
2020,Chhattisgarh,86990459,64,6667,6879,103.18,-212,98223.57,34.58,1.55,1.03,46.37,9.74,31.34,95.0,1.83,0.65
2021,Chhattisgarh,88034344,64,7200,6947,96.49,253,104584.6,35.65,1.6,1.06,42.86,8.4,32.06,53.98,1.64,0.55
2022,Chhattisgarh,89090756,60,7776,6677,85.87,1099,110639.58,32.61,1.55,1.03,43.12,8.55,28.29,123.12,1.62,0.67
2023,Chhattisgarh,90159846,60,8399,8788,104.63,-389,124463.25,33.62,1.68,1.12,43.34,11.78,48.2,51.94,1.69,0.62
2024,Chhattisgarh,91241764,56,9071,8649,95.35,422,126520.71,31.41,1.75,1.17,42.07,11.17,27.75,132.4,1.56,0.64
2010,Dadra and Nagar Haveli and Daman and Diu,59806159,50,2392,2040,85.28,352,52566.0,17.92,0.91,0.61,59.23,8.69,54.75,83.08,1.04,0.48
2011,Dadra and Nagar Haveli and Daman and Diu,60523832,48,2583,2429,94.04,154,52016.0,16.94,1.04,0.7,60.9,11.52,21.0,110.05,1.47,0.42
2012,Dadra and Nagar Haveli and Daman and Diu,61250118,47,2790,2570,92.11,220,61209.0,16.63,0.92,0.61,56.83,6.35,24.02,98.26,1.18,0.45
2013,Dadra and Nagar Haveli and Daman and Diu,61985120,45,3013,3138,104.15,-125,59103.15,16.26,1.1,0.73,56.34,6.26,25.71,58.35,1.26,0.44
2014,Dadra and Nagar Haveli and Daman and Diu,62728941,38,3254,3282,100.86,-28,68223.8,13.64,1.11,0.74,50.14,7.4,32.01,100.4,1.31,0.48
2015,Dadra and Nagar Haveli and Daman and Diu,63481689,37,3514,3051,86.82,463,73366.59,12.37,1.16,0.77,54.12,9.97,40.97,119.62,1.55,0.27
2016,Dadra and Nagar Haveli and Daman and Diu,64243469,36,3796,3566,93.94,230,72344.52,12.81,1.34,0.89,53.14,9.61,46.47,133.86,1.41,0.29
2017,Dadra and Nagar Haveli and Daman and Diu,65014390,35,4099,3809,92.93,290,75936.07,12.52,1.37,0.92,52.09,10.5,58.05,75.8,1.43,0.35
2018,Dadra and Nagar Haveli and Daman and Diu,65794563,32,4427,4360,98.49,67,85651.31,11.44,1.56,1.04,51.01,10.6,57.56,54.07,1.77,0.4
2019,Dadra and Nagar Haveli and Daman and Diu,66584098,27,4782,4869,101.82,-87,88633.96,10.54,1.54,1.03,42.94,10.51,45.63,99.6,1.51,0.25
2020,Dadra and Nagar Haveli and Daman and Diu,67383107,26,5164,5359,103.78,-195,95205.57,10.64,1.63,1.09,42.35,6.49,52.53,90.36,1.64,0.24
2021,Dadra and Nagar Haveli and Daman and Diu,68191704,23,5577,5630,100.95,-53,107113.6,9.21,1.74,1.16,42.51,8.81,36.74,51.92,1.77,0.22
2022,Dadra and Nagar Haveli and Daman and Diu,69010005,18,6024,6215,103.17,-191,116715.58,6.83,1.78,1.18,40.44,6.38,37.66,121.92,1.89,0.26
2023,Dadra and Nagar Haveli and Daman and Diu,69838125,17,6506,5976,91.85,530,119070.25,7.03,1.89,1.26,38.54,9.94,38.52,88.68,1.78,0.26
2024,Dadra and Nagar Haveli and Daman and Diu,70676182,16,7026,6572,93.54,454,125590.71,7.23,2.01,1.34,39.04,5.94,33.25,109.03,2.11,0.2
2010,Delhi,48236148,83,1929,1976,102.44,-47,47096.0,42.33,1.64,1.09,62.73,11.49,25.86,120.15,1.53,0.81
2011,Delhi,48814981,81,2083,1797,86.27,286,51375.0,43.67,1.68,1.12,54.12,11.88,25.11,82.21,1.36,0.75
2012,Delhi,49400761,82,2250,2062,91.64,188,52843.0,41.78,1.67,1.11,61.1,6.92,42.81,116.01,1.48,0.74
2013,Delhi,49993570,78,2430,2452,100.91,-22,61735.15,41.66,1.81,1.21,55.87,5.22,38.22,129.02,2.0,0.8
2014,Delhi,50593493,73,2624,2672,101.83,-48,61956.8,40.2,1.93,1.29,53.08,10.92,48.91,94.2,1.82,0.68
2015,Delhi,51200615,71,2834,2784,98.24,50,66377.59,37.61,2.0,1.33,57.19,8.57,38.84,50.89,1.57,0.73
2016,Delhi,51815022,68,3061,3080,100.62,-19,74811.52,37.23,1.94,1.29,50.94,5.23,24.27,73.84,1.69,0.6
2017,Delhi,52436803,71,3306,3136,94.86,170,78511.07,39.98,2.14,1.43,51.04,9.25,52.76,102.77,2.19,0.71
2018,Delhi,53066044,62,3571,3329,93.22,242,85805.31,36.69,2.27,1.51,44.86,6.47,57.02,91.7,1.79,0.7
2019,Delhi,53702837,61,3856,3980,103.22,-124,90265.96,35.96,2.31,1.54,46.31,9.75,51.1,119.53,2.3,0.59
2020,Delhi,54347271,58,4165,3933,94.43,232,98594.57,34.79,2.35,1.56,44.42,7.51,41.17,106.48,2.26,0.6
2021,Delhi,54999438,57,4498,4140,92.04,358,101219.6,35.48,2.46,1.64,42.24,9.76,33.04,69.65,2.12,0.55
2022,Delhi,55659431,55,4858,4299,88.49,559,117413.58,34.76,2.47,1.65,39.38,8.9,41.2,104.42,2.02,0.46
2023,Delhi,56327345,51,5247,5187,98.86,60,121240.25,32.83,2.72,1.81,40.05,8.58,39.13,84.14,2.57,0.5
2024,Delhi,57003273,51,5667,5872,103.62,-205,132074.71,32.95,2.71,1.81,41.05,7.28,30.82,97.62,2.37,0.56
2010,Goa,45056670,58,1802,1729,95.95,73,48036.0,22.63,0.94,0.62,61.81,9.92,35.46,119.44,1.32,0.61
2011,Goa,45597350,54,1946,1694,87.05,252,57651.0,22.12,1.25,0.83,58.39,5.56,22.71,99.1,1.16,0.61
2012,Goa,46144518,52,2102,1981,94.24,121,61279.0,22.01,1.41,0.94,57.42,9.27,39.85,97.8,1.4,0.49
2013,Goa,46698252,50,2270,2349,103.48,-79,59779.15,20.68,1.33,0.89,56.04,5.28,45.88,113.81,1.36,0.54
2014,Goa,47258631,48,2451,2100,85.68,351,63820.8,20.02,1.38,0.92,55.83,10.45,39.07,57.12,1.67,0.45
2015,Goa,47825735,43,2648,2636,99.55,12,74810.59,19.09,1.55,1.03,50.75,7.91,43.36,99.43,1.49,0.38
2016,Goa,48399643,41,2859,2711,94.82,148,70921.52,18.35,1.7,1.13,50.01,6.28,24.37,103.96,1.51,0.43
2017,Goa,48980439,37,3088,2643,85.59,445,75987.07,16.78,1.65,1.1,47.58,10.86,34.18,109.24,1.3,0.43
2018,Goa,49568204,33,3335,3163,94.84,172,83902.31,16.03,1.85,1.23,44.46,11.76,40.81,140.3,1.58,0.39
2019,Goa,50163023,38,3602,3621,100.53,-19,93913.96,16.28,1.87,1.24,53.32,10.3,52.48,123.26,1.47,0.3
2020,Goa,50764979,33,3890,3870,99.49,20,101271.57,15.11,1.98,1.32,47.49,11.26,48.67,118.22,2.02,0.37
2021,Goa,51374159,30,4202,4148,98.71,54,100548.6,13.09,1.85,1.23,45.5,9.37,25.92,90.72,1.69,0.4
2022,Goa,51990649,25,4538,4113,90.63,425,107872.58,12.05,1.98,1.32,41.2,11.03,27.14,107.97,1.8,0.28
2023,Goa,52614537,29,4901,4708,96.06,193,116849.25,14.3,2.08,1.39,44.56,7.49,58.25,103.76,1.71,0.37
2024,Goa,53245911,23,5293,4917,92.9,376,130477.71,11.62,2.06,1.37,39.26,5.96,36.66,123.85,1.93,0.27
2010,Gujarat,92071465,54,3682,3254,88.38,428,49829.0,21.7,1.1,0.73,58.67,5.62,47.41,145.34,0.94,0.59
2011,Gujarat,93176322,49,3977,4078,102.54,-101,49074.0,19.05,1.3,0.86,58.61,10.09,41.64,63.15,1.31,0.4
2012,Gujarat,94294438,50,4295,4209,98.0,86,60526.0,19.28,1.37,0.92,60.99,9.21,52.21,102.16,1.66,0.5
2013,Gujarat,95425971,44,4639,4712,101.57,-73,56882.15,16.94,1.3,0.86,54.96,5.33,45.05,104.76,1.56,0.36
2014,Gujarat,96571083,43,5010,4584,91.5,426,68051.8,17.66,1.39,0.93,52.37,6.16,35.7,59.35,1.62,0.51
2015,Gujarat,97729936,41,5411,4984,92.11,427,69703.59,17.48,1.47,0.98,50.39,9.11,25.98,67.12,1.42,0.4
2016,Gujarat,98902695,34,5844,5242,89.7,602,77881.52,14.31,1.68,1.12,48.88,9.62,28.6,70.3,1.55,0.26
2017,Gujarat,100089527,36,6311,6474,102.58,-163,82218.07,15.0,1.61,1.08,48.96,10.34,55.12,91.75,1.64,0.27
2018,Gujarat,101290602,37,6816,6246,91.64,570,85206.31,16.58,1.74,1.16,48.11,5.0,46.59,87.74,1.81,0.28
2019,Gujarat,102506089,27,7362,6986,94.89,376,96511.96,11.43,1.77,1.18,44.47,11.84,37.63,81.83,1.69,0.24
2020,Gujarat,103736162,31,7951,7623,95.87,328,98133.57,13.56,1.89,1.26,47.12,10.05,54.63,64.67,1.52,0.23
2021,Gujarat,104980996,24,8587,7385,86.0,1202,103995.6,10.03,1.91,1.27,43.48,7.36,24.32,67.89,2.0,0.17
2022,Gujarat,106240768,23,9274,9395,101.3,-121,113437.58,9.62,1.97,1.32,43.59,9.86,28.43,101.78,2.09,0.32
2023,Gujarat,107515657,20,10015,10366,103.5,-351,117326.25,9.17,2.14,1.42,41.07,8.97,41.34,51.49,2.21,0.28
2024,Gujarat,108805845,21,10817,9515,87.96,1302,124801.71,10.64,2.19,1.46,39.44,8.0,47.76,60.46,1.93,0.25
2010,Haryana,25440223,37,1017,1037,101.97,-20,48864.0,10.11,1.2,0.8,59.98,10.11,24.35,139.39,1.51,0.46
2011,Haryana,25745505,34,1099,1003,91.26,96,53253.0,9.56,1.18,0.79,56.37,6.11,50.36,131.83,1.19,0.26
2012,Haryana,26054451,33,1186,1121,94.52,65,57153.0,8.37,1.2,0.8,58.47,7.81,53.92,121.78,1.36,0.24
2013,Haryana,26367105,33,1281,1213,94.69,68,64324.15,9.86,1.35,0.9,55.65,7.99,35.93,54.3,1.22,0.37
2014,Haryana,26683510,29,1384,1382,99.86,2,64938.8,6.93,1.37,0.92,56.61,6.84,59.09,116.55,1.71,0.2
2015,Haryana,27003712,25,1495,1490,99.67,5,72841.59,6.56,1.53,1.02,51.19,11.53,36.01,85.84,1.7,0.29
2016,Haryana,27327757,22,1614,1460,90.46,154,70398.52,6.58,1.62,1.08,47.44,5.67,58.95,58.96,1.45,0.27
2017,Haryana,27655690,23,1744,1628,93.35,116,78998.07,4.73,1.49,0.99,52.55,7.57,26.76,129.39,1.69,0.28
2018,Haryana,27987558,20,1883,1793,95.22,90,82681.31,4.88,1.7,1.14,48.22,5.26,43.78,60.72,1.46,0.14
2019,Haryana,28323409,15,2034,2100,103.24,-66,91453.96,2.0,1.78,1.19,47.96,11.14,52.31,66.32,1.6,0.2
2020,Haryana,28663290,14,2196,2155,98.13,41,100515.57,2.47,1.81,1.21,45.14,9.39,53.03,103.37,1.95,0.1
2021,Haryana,29007249,12,2372,2359,99.45,13,109412.6,2.15,1.78,1.18,42.21,8.46,39.9,114.87,1.65,0.2
2022,Haryana,29355336,10,2562,2338,91.26,224,116780.58,2.0,1.98,1.32,37.9,11.52,29.53,92.04,2.1,0.18
2023,Haryana,29707600,10,2767,2396,86.59,371,121565.25,2.0,2.1,1.4,40.8,7.11,20.01,75.71,1.77,0.18
2024,Haryana,30064091,10,2988,2783,93.14,205,128905.71,2.0,2.18,1.45,39.32,6.87,49.79,118.57,1.91,0.1
2010,Himachal Pradesh,125753451,58,5030,4955,98.51,75,45278.0,25.85,1.6,1.06,60.43,11.89,39.26,141.25,1.38,0.55
2011,Himachal Pradesh,127262492,54,5432,4639,85.4,793,48708.0,24.42,1.72,1.15,58.67,5.95,24.65,80.99,1.75,0.59
2012,Himachal Pradesh,128789642,54,5867,5242,89.35,625,59438.0,25.36,1.77,1.18,57.24,11.91,26.91,62.16,1.71,0.45
2013,Himachal Pradesh,130335118,47,6336,5610,88.54,726,63017.15,23.11,1.99,1.33,52.81,11.74,36.77,92.41,1.81,0.57
2014,Himachal Pradesh,131899139,47,6843,6809,99.5,34,63000.8,21.81,1.76,1.17,53.06,5.1,37.73,106.87,1.67,0.53
2015,Himachal Pradesh,133481929,45,7390,7469,101.07,-79,67996.59,20.93,1.98,1.32,55.08,5.8,31.08,114.17,1.81,0.46
2016,Himachal Pradesh,135083712,40,7982,6882,86.22,1100,78680.52,17.67,2.12,1.41,55.34,9.14,42.08,134.8,2.07,0.35
2017,Himachal Pradesh,136704716,38,8620,8425,97.74,195,77239.07,20.41,2.21,1.47,45.15,11.04,57.67,94.56,2.08,0.41
2018,Himachal Pradesh,138345173,36,9310,8669,93.11,641,87662.31,19.41,2.28,1.52,45.67,11.63,54.29,118.89,1.72,0.45
2019,Himachal Pradesh,140005315,31,10055,8811,87.63,1244,93567.96,17.41,2.41,1.61,43.12,8.83,54.95,114.82,2.06,0.26
2020,Himachal Pradesh,141685379,35,10859,10637,97.96,222,97498.57,18.98,2.35,1.56,44.6,8.58,33.35,127.85,1.85,0.33
2021,Himachal Pradesh,143385603,29,11728,10289,87.73,1439,109345.6,17.08,2.42,1.62,40.98,8.5,26.18,57.63,2.37,0.27
2022,Himachal Pradesh,145106231,30,12666,11559,91.26,1107,107724.58,16.05,2.43,1.62,44.81,5.57,44.52,83.23,2.36,0.24
2023,Himachal Pradesh,146847505,28,13680,12092,88.39,1588,118914.25,15.4,2.45,1.64,43.41,7.22,29.67,99.1,2.16,0.36
2024,Himachal Pradesh,148609675,26,14774,13439,90.96,1335,127701.71,15.92,2.64,1.76,39.9,7.63,59.55,84.46,2.16,0.29
2010,Jammu and Kashmir,119480946,67,4779,4095,85.69,684,51782.0,32.05,1.67,1.11,61.27,7.09,22.34,135.71,1.54,0.71
2011,Jammu and Kashmir,120914717,66,5161,5021,97.29,140,53900.0,31.69,1.6,1.07,60.18,6.26,48.91,143.91,1.59,0.76
2012,Jammu and Kashmir,122365693,65,5574,5570,99.93,4,55530.0,31.93,1.72,1.15,58.83,10.69,23.03,115.65,1.65,0.55
2013,Jammu and Kashmir,123834082,58,6020,5251,87.23,769,58803.15,29.17,1.88,1.25,55.45,10.86,30.88,111.81,1.81,0.5
2014,Jammu and Kashmir,125320091,53,6502,6531,100.45,-29,66468.8,26.92,1.99,1.33,52.64,5.48,47.44,104.83,1.61,0.55
2015,Jammu and Kashmir,126823932,51,7022,6923,98.59,99,66460.59,25.87,1.97,1.31,51.74,6.66,42.76,105.66,1.56,0.6
2016,Jammu and Kashmir,128345819,50,7584,7648,100.84,-64,71039.52,26.14,2.15,1.43,51.0,5.09,49.92,149.05,1.74,0.49
2017,Jammu and Kashmir,129885969,48,8190,7348,89.72,842,78851.07,25.5,2.12,1.41,48.97,9.17,42.56,145.89,1.88,0.41
2018,Jammu and Kashmir,131444601,47,8846,9086,102.71,-240,83580.31,25.22,2.17,1.45,48.7,9.42,24.46,93.63,1.78,0.48
2019,Jammu and Kashmir,133021936,41,9553,9569,100.17,-16,96880.96,24.02,2.43,1.62,44.26,5.22,43.69,108.31,2.32,0.51
2020,Jammu and Kashmir,134618199,42,10318,9190,89.07,1128,97234.57,23.66,2.38,1.59,46.43,5.47,49.98,68.01,1.86,0.35
2021,Jammu and Kashmir,136233617,37,11143,10856,97.42,287,102917.6,21.41,2.38,1.59,41.66,5.41,38.59,67.81,2.24,0.45
2022,Jammu and Kashmir,137868421,34,12034,10466,86.97,1568,109288.58,21.49,2.45,1.64,38.11,8.92,48.4,145.09,2.28,0.27
2023,Jammu and Kashmir,139522842,34,12997,12575,96.75,422,123598.25,21.69,2.69,1.79,39.18,10.1,54.77,135.79,2.18,0.31
2024,Jammu and Kashmir,141197116,30,14037,12436,88.59,1601,130424.71,18.75,2.51,1.67,38.42,8.55,31.26,87.01,2.17,0.32
2010,Jharkhand,60386187,82,2415,2313,95.78,102,46232.0,41.27,1.31,0.87,58.6,9.77,41.4,74.75,1.65,0.79
2011,Jharkhand,61110821,80,2608,2412,92.48,196,50649.0,40.39,1.38,0.92,57.47,10.27,50.53,137.05,1.19,0.89
2012,Jharkhand,61844151,79,2817,2543,90.27,274,57552.0,40.43,1.35,0.9,55.17,10.03,26.82,148.28,1.11,0.71
2013,Jharkhand,62586280,77,3042,2701,88.79,341,64767.15,39.94,1.65,1.1,57.74,10.71,34.5,53.99,1.89,0.8
2014,Jharkhand,63337316,75,3286,2930,89.17,356,62726.8,40.21,1.71,1.14,53.0,11.97,29.87,61.01,1.64,0.68
2015,Jharkhand,64097364,70,3549,3398,95.75,151,72788.59,37.7,1.84,1.23,51.87,5.84,26.12,95.02,1.69,0.63
2016,Jharkhand,64866532,70,3833,3749,97.81,84,70552.52,37.17,1.8,1.2,52.59,6.47,50.8,73.49,1.83,0.71
2017,Jharkhand,65644930,67,4139,4316,104.28,-177,78788.07,37.02,1.82,1.21,49.2,5.52,49.22,100.26,1.47,0.58
2018,Jharkhand,66432670,62,4470,4220,94.41,250,84399.31,33.23,2.01,1.34,52.15,10.61,43.18,144.53,1.94,0.72
2019,Jharkhand,67229862,62,4828,4262,88.28,566,88467.96,35.51,2.0,1.34,45.91,6.14,31.12,50.71,1.99,0.58
2020,Jharkhand,68036620,60,5214,5352,102.65,-138,97581.57,34.02,1.95,1.3,45.22,5.5,25.33,56.24,1.95,0.63
2021,Jharkhand,68853059,57,5631,5636,100.09,-5,109000.6,33.32,2.07,1.38,43.13,5.93,54.19,87.98,1.86,0.55
2022,Jharkhand,69679296,56,6082,6283,103.3,-201,115068.58,32.27,2.19,1.46,44.99,11.03,55.31,84.82,1.83,0.65
2023,Jharkhand,70515448,53,6569,6639,101.07,-70,116374.25,33.89,2.38,1.59,37.13,5.15,30.36,87.42,1.86,0.47
2024,Jharkhand,71361633,50,7094,7294,102.82,-200,125161.71,30.7,2.17,1.45,38.59,5.66,45.96,80.89,2.06,0.45
2010,Karnataka,156483304,80,6259,6218,99.34,41,46047.0,39.04,1.31,0.87,60.56,11.06,52.28,71.06,1.17,0.75
2011,Karnataka,158361103,75,6760,6116,90.47,644,56412.0,37.51,1.42,0.95,57.2,6.6,39.11,84.62,1.37,0.84
2012,Karnataka,160261436,72,7300,7411,101.52,-111,56570.0,36.02,1.5,1.0,57.6,9.86,33.04,63.37,1.7,0.74
2013,Karnataka,162184574,72,7884,7488,94.98,396,57519.15,36.34,1.57,1.04,57.23,5.93,21.23,113.95,1.51,0.63
2014,Karnataka,164130789,70,8515,8718,102.38,-203,68047.8,35.88,1.47,0.98,53.57,10.72,28.69,80.98,1.56,0.62
2015,Karnataka,166100358,67,9197,8599,93.5,598,70105.59,35.05,1.69,1.13,52.67,9.22,52.95,95.19,1.86,0.71
2016,Karnataka,168093562,65,9932,8736,87.96,1196,76294.52,33.37,1.68,1.12,54.17,5.37,57.58,64.57,1.69,0.6
2017,Karnataka,170110685,61,10727,9221,85.96,1506,79245.07,33.72,1.88,1.26,47.07,9.55,47.52,145.89,1.52,0.6
2018,Karnataka,172152013,60,11585,9882,85.3,1703,88984.31,31.83,1.86,1.24,49.41,11.3,44.62,147.09,1.82,0.57
2019,Karnataka,174217837,57,12512,10849,86.71,1663,88219.96,31.15,1.93,1.29,47.8,9.56,44.36,82.41,1.59,0.62
2020,Karnataka,176308451,56,13513,13080,96.8,433,94159.57,31.29,1.92,1.28,43.87,11.96,44.46,118.3,1.54,0.54
2021,Karnataka,178424153,50,14594,13071,89.56,1523,110016.6,28.46,1.99,1.33,43.13,11.02,38.63,117.81,1.76,0.47
2022,Karnataka,180565243,48,15762,16446,104.34,-684,110049.58,28.01,2.25,1.5,42.9,6.93,21.02,70.16,2.07,0.38
2023,Karnataka,182732026,46,17023,17061,100.22,-38,118231.25,28.22,2.35,1.57,39.86,5.85,58.79,136.38,1.83,0.53
2024,Karnataka,184924810,44,18384,16240,88.34,2144,131120.71,27.0,2.29,1.53,39.26,8.07,40.51,71.74,1.79,0.49
2010,Kerala,154221513,58,6168,5329,86.4,839,45772.0,20.64,0.49,0.33,61.42,11.59,42.55,57.8,0.96,0.51
2011,Kerala,156072171,54,6662,6281,94.28,381,49296.0,19.59,0.56,0.38,57.18,6.51,37.87,62.09,1.13,0.58
2012,Kerala,157945037,52,7195,6219,86.44,976,52683.0,18.75,0.87,0.58,60.09,9.62,22.13,118.5,1.04,0.58
2013,Kerala,159840377,50,7770,6622,85.23,1148,58039.15,19.28,0.91,0.6,54.68,10.4,52.65,63.96,1.15,0.45
2014,Kerala,161758462,48,8392,7150,85.2,1242,64953.8,17.05,0.77,0.51,55.94,10.32,21.28,113.76,1.12,0.5
2015,Kerala,163699563,42,9064,9515,104.98,-451,71264.59,16.65,0.98,0.65,48.24,11.74,50.62,120.73,1.35,0.46
2016,Kerala,165663958,48,9789,10224,104.44,-435,75894.52,18.37,0.93,0.62,53.42,9.23,59.7,57.54,0.92,0.54
2017,Kerala,167651926,41,10572,9529,90.13,1043,81618.07,16.19,1.01,0.68,47.35,7.85,48.93,80.18,1.38,0.39
2018,Kerala,169663749,40,11418,9938,87.04,1480,84378.31,15.4,1.07,0.71,48.33,11.84,34.27,115.42,0.98,0.49
2019,Kerala,171699714,35,12331,10625,86.16,1706,94577.96,13.57,1.21,0.81,47.15,8.79,44.0,106.03,1.39,0.35
2020,Kerala,173760110,32,13318,11617,87.23,1701,95261.57,13.06,1.35,0.9,43.98,6.89,20.08,139.66,1.66,0.34
2021,Kerala,175845232,29,14383,14126,98.21,257,101348.6,11.85,1.28,0.86,39.84,8.55,45.4,60.82,1.63,0.31
2022,Kerala,177955374,28,15534,13672,88.01,1862,115848.58,12.18,1.51,1.0,39.66,6.25,48.1,109.8,1.47,0.27
2023,Kerala,180090839,26,16776,14720,87.74,2056,120040.25,10.71,1.56,1.04,40.97,5.91,46.05,121.74,1.3,0.29
2024,Kerala,182251929,19,18119,16211,89.47,1908,127113.71,8.44,1.7,1.13,36.92,10.83,54.45,125.62,1.36,0.13
2010,Ladakh,192334735,45,7693,6599,85.78,1094,54247.0,16.48,1.6,1.07,62.47,7.5,57.83,56.0,1.79,0.47
2011,Ladakh,194642751,45,8308,7689,92.55,619,56921.0,16.97,1.72,1.14,62.53,5.01,39.11,102.47,1.37,0.41
2012,Ladakh,196978464,38,8973,7943,88.52,1030,56913.0,13.84,1.61,1.08,57.45,8.59,51.75,111.36,1.31,0.43
2013,Ladakh,199342206,37,9691,9099,93.89,592,66052.15,16.05,1.86,1.24,51.28,11.22,51.89,56.8,2.02,0.29
2014,Ladakh,201734312,35,10466,9499,90.76,967,63632.8,14.43,1.96,1.31,53.14,11.67,33.67,101.98,2.06,0.42
2015,Ladakh,204155124,34,11304,9796,86.66,1508,74214.59,12.92,1.97,1.31,55.53,11.19,20.63,129.56,1.97,0.28
2016,Ladakh,206604986,27,12208,12472,102.16,-264,74221.52,10.65,1.98,1.32,50.11,9.85,51.4,85.33,1.65,0.31
2017,Ladakh,209084245,25,13185,12493,94.75,692,82462.07,10.99,2.18,1.45,47.66,9.49,24.25,107.36,2.23,0.24
2018,Ladakh,211593256,29,14239,13425,94.28,814,81218.31,12.68,2.24,1.49,50.7,8.67,47.28,62.47,1.93,0.24
2019,Ladakh,214132376,18,15379,15713,102.17,-334,89830.96,7.67,2.26,1.5,44.27,7.17,24.78,102.1,1.97,0.25
2020,Ladakh,216701964,20,16609,14549,87.6,2060,102902.57,8.35,2.41,1.61,47.47,9.63,26.55,80.89,2.39,0.29
2021,Ladakh,219302388,13,17938,15379,85.73,2559,108456.6,6.97,2.63,1.75,41.08,11.22,27.54,128.2,2.34,0.17
2022,Ladakh,221934016,16,19373,20160,104.06,-787,111453.58,7.54,2.49,1.66,43.16,9.1,43.32,65.72,2.11,0.11
2023,Ladakh,224597224,11,20923,20117,96.15,806,120965.25,6.9,2.6,1.74,37.68,8.1,59.98,81.77,2.48,0.1
2024,Ladakh,227292391,11,22596,20732,91.75,1864,124937.71,5.55,2.68,1.79,41.63,7.73,54.35,101.14,2.51,0.11
2010,Lakshadweep,109481546,43,4379,3947,90.13,432,47312.0,12.99,1.02,0.68,61.58,5.2,45.43,134.73,1.32,0.53
2011,Lakshadweep,110795324,39,4729,4390,92.83,339,50160.0,13.05,1.19,0.79,56.23,8.89,56.23,102.1,1.56,0.41
2012,Lakshadweep,112124868,34,5107,4667,91.38,440,61738.0,10.17,1.25,0.83,54.79,7.06,32.08,132.79,1.37,0.4
2013,Lakshadweep,113470366,34,5516,5575,101.07,-59,59100.15,10.9,1.3,0.87,53.74,10.24,26.46,136.73,1.35,0.35
2014,Lakshadweep,114832011,33,5957,6176,103.68,-219,63560.8,9.46,1.38,0.92,56.15,11.92,20.44,128.49,1.53,0.27
2015,Lakshadweep,116209995,30,6434,6019,93.55,415,72875.59,8.11,1.28,0.85,52.74,6.76,25.42,126.12,1.6,0.33
2016,Lakshadweep,117604515,29,6949,7166,103.12,-217,78110.52,8.47,1.41,0.94,53.19,7.93,39.04,63.56,1.36,0.2
2017,Lakshadweep,119015769,26,7505,7571,100.88,-66,81563.07,8.34,1.49,1.0,48.63,9.41,22.69,128.73,1.42,0.34
2018,Lakshadweep,120443958,22,8105,7645,94.32,460,84230.31,5.44,1.63,1.09,49.44,8.5,51.28,51.03,1.63,0.18
2019,Lakshadweep,121889286,19,8754,8238,94.11,516,89987.96,5.31,1.66,1.11,45.43,9.46,44.13,75.64,1.76,0.27
2020,Lakshadweep,123351957,13,9454,8414,89.0,1040,98084.57,2.85,1.81,1.21,43.29,9.15,56.08,87.13,1.97,0.2
2021,Lakshadweep,124832181,16,10210,9484,92.89,726,101347.6,3.94,1.81,1.21,45.1,8.84,38.9,124.64,1.75,0.1
2022,Lakshadweep,126330167,10,11027,9450,85.7,1577,112104.58,2.0,2.02,1.34,40.83,6.74,51.22,120.52,1.89,0.1
2023,Lakshadweep,127846129,11,11909,12390,104.04,-481,121094.25,3.21,2.01,1.34,40.75,10.25,38.44,89.69,1.88,0.11
2024,Lakshadweep,129380282,10,12862,12942,100.62,-80,124680.71,2.0,2.13,1.42,36.78,8.02,40.21,120.19,1.9,0.18
2010,Madhya Pradesh,150968189,59,6038,6319,104.65,-281,45834.0,24.08,1.07,0.72,60.49,9.45,28.64,104.9,1.24,0.65
2011,Madhya Pradesh,152779807,57,6521,6237,95.64,284,56667.0,23.67,1.05,0.7,57.93,7.71,47.53,87.29,1.47,0.5
2012,Madhya Pradesh,154613164,56,7043,7083,100.57,-40,58609.0,23.99,1.26,0.84,58.28,10.66,49.0,58.3,1.57,0.58
2013,Madhya Pradesh,156468522,52,7607,7721,101.5,-114,60127.15,22.41,1.12,0.75,53.37,9.98,21.77,57.65,0.95,0.43
2014,Madhya Pradesh,158346145,51,8215,8158,99.31,57,61544.8,21.4,1.22,0.82,54.92,11.45,57.41,143.63,1.42,0.44
2015,Madhya Pradesh,160246298,49,8872,8640,97.39,232,67507.59,21.02,1.39,0.92,53.93,10.63,21.13,66.72,1.42,0.44
2016,Madhya Pradesh,162169254,42,9582,9601,100.2,-19,78099.52,18.25,1.35,0.9,48.91,8.1,25.22,68.2,1.7,0.41
2017,Madhya Pradesh,164115285,42,10349,10335,99.86,14,79811.07,19.03,1.58,1.05,48.77,10.03,33.41,116.91,1.83,0.49
2018,Madhya Pradesh,166084669,38,11177,9700,86.79,1477,85384.31,17.63,1.7,1.13,47.03,10.23,32.97,107.98,1.45,0.42
2019,Madhya Pradesh,168077685,37,12071,12276,101.7,-205,93182.96,16.97,1.71,1.14,47.47,5.57,52.83,131.67,1.54,0.35
2020,Madhya Pradesh,170094617,38,13037,12128,93.03,909,102165.57,17.17,1.78,1.19,49.45,8.68,27.39,70.46,1.57,0.31
2021,Madhya Pradesh,172135752,33,14080,14268,101.34,-188,103935.6,16.33,1.91,1.27,43.32,9.66,23.11,115.24,1.97,0.38
2022,Madhya Pradesh,174201381,29,15206,15586,102.5,-380,109729.58,14.74,1.93,1.29,39.71,9.34,59.81,74.27,1.86,0.38
2023,Madhya Pradesh,176291798,28,16423,14338,87.3,2085,117489.25,13.15,2.05,1.36,44.32,6.39,37.57,79.26,1.62,0.35
2024,Madhya Pradesh,178407299,26,17736,17717,99.89,19,128627.71,13.71,2.02,1.35,37.94,10.93,40.48,62.49,1.69,0.28
2010,Maharashtra,110583427,79,4423,4341,98.15,82,50910.0,41.19,1.78,1.18,58.1,6.36,30.89,121.86,1.85,0.79
2011,Maharashtra,111910428,80,4777,4061,85.01,716,53875.0,41.76,1.84,1.23,59.57,9.03,38.98,77.21,1.59,0.88
2012,Maharashtra,113253353,76,5159,4898,94.94,261,56160.0,39.26,1.79,1.19,59.1,9.76,46.03,76.88,1.43,0.75
2013,Maharashtra,114612393,74,5572,5163,92.66,409,64212.15,39.07,1.96,1.3,58.61,7.93,50.6,69.93,1.53,0.66
2014,Maharashtra,115987742,71,6017,5998,99.68,19,65485.8,38.51,2.11,1.4,56.38,7.86,51.15,130.4,2.08,0.64
2015,Maharashtra,117379595,68,6499,6191,95.26,308,74587.59,37.42,2.24,1.5,54.43,8.51,21.48,120.81,2.07,0.67
2016,Maharashtra,118788150,64,7019,6852,97.62,167,71261.52,36.04,2.3,1.53,51.97,11.61,55.65,137.86,1.94,0.56
2017,Maharashtra,120213608,61,7580,6516,85.96,1064,80990.07,33.69,2.28,1.52,53.24,9.87,31.97,66.56,1.92,0.63
2018,Maharashtra,121656171,60,8187,8563,104.59,-376,86013.31,34.08,2.31,1.54,48.83,11.04,51.21,89.05,2.02,0.54
2019,Maharashtra,123116045,57,8842,8142,92.08,700,89356.96,34.16,2.4,1.6,43.89,8.0,35.8,134.46,2.03,0.55
2020,Maharashtra,124593437,54,9549,9005,94.3,544,98489.57,31.87,2.35,1.57,45.33,9.74,20.3,117.86,2.25,0.46
2021,Maharashtra,126088559,50,10313,10344,100.3,-31,104463.6,31.29,2.63,1.75,43.15,11.81,56.64,108.74,2.22,0.49
2022,Maharashtra,127601621,51,11138,10123,90.89,1015,116979.58,33.28,2.6,1.73,37.93,8.54,45.74,75.42,2.46,0.52
2023,Maharashtra,129132841,50,12029,11997,99.73,32,119495.25,31.87,2.76,1.84,42.35,11.06,29.23,60.55,2.49,0.56
2024,Maharashtra,130682435,48,12992,12027,92.57,965,126952.71,31.47,2.78,1.85,39.0,8.34,59.03,56.41,2.64,0.41
2010,Manipur,168474712,76,6738,5821,86.39,917,45840.0,33.89,0.52,0.34,57.49,11.07,25.33,67.81,0.84,0.78
2011,Manipur,170496408,76,7278,6745,92.68,533,57178.0,34.07,0.6,0.4,59.6,7.86,48.53,77.07,1.11,0.81
2012,Manipur,172542365,72,7860,7286,92.7,574,61366.0,32.36,0.67,0.45,56.22,9.25,26.51,90.15,1.13,0.77
2013,Manipur,174612873,69,8489,8259,97.29,230,61658.15,31.18,0.84,0.56,56.01,9.57,35.47,91.04,1.25,0.64
2014,Manipur,176708228,69,9168,9318,101.64,-150,60660.8,31.45,0.82,0.54,54.51,5.2,31.26,121.27,0.97,0.67
2015,Manipur,178828727,65,9901,9064,91.55,837,65771.59,30.17,0.99,0.66,53.78,10.63,51.9,116.57,1.01,0.73
2016,Manipur,180974671,62,10693,9448,88.36,1245,72426.52,28.86,1.05,0.7,53.22,6.25,54.0,86.51,1.13,0.66
2017,Manipur,183146367,59,11549,10801,93.52,748,83951.07,28.07,1.03,0.69,48.69,5.86,49.26,88.02,1.02,0.5
2018,Manipur,185344124,56,12473,12203,97.84,270,88157.31,26.73,1.19,0.79,48.93,6.69,57.48,114.49,1.12,0.57
2019,Manipur,187568253,54,13471,12821,95.17,650,87982.96,24.68,1.21,0.8,50.35,8.07,47.62,127.92,1.03,0.45
2020,Manipur,189819072,53,14548,14920,102.56,-372,97930.57,25.97,1.2,0.8,44.4,7.88,25.15,138.53,1.13,0.48
2021,Manipur,192096901,53,15712,15469,98.45,243,101909.6,25.58,1.24,0.83,47.68,9.05,39.16,93.61,1.25,0.43
2022,Manipur,194402064,48,16969,15757,92.86,1212,117228.58,25.14,1.34,0.9,40.06,7.22,35.48,128.59,1.28,0.57
2023,Manipur,196734889,43,18327,15711,85.73,2616,125295.25,21.51,1.47,0.98,41.41,8.85,20.34,79.63,1.63,0.43
2024,Manipur,199095707,43,19793,19390,97.96,403,125439.71,23.57,1.59,1.06,36.92,10.89,37.03,98.45,1.7,0.42
2010,Meghalaya,90524821,73,3620,3412,94.25,208,47527.0,35.8,1.48,0.99,59.49,10.62,26.15,61.13,1.24,0.63
2011,Meghalaya,91611118,71,3910,3556,90.95,354,56301.0,34.15,1.5,1.0,60.63,10.38,47.53,88.72,1.57,0.75
2012,Meghalaya,92710452,71,4223,4018,95.15,205,62089.0,34.83,1.47,0.98,57.32,5.9,39.37,101.58,1.36,0.76
2013,Meghalaya,93822977,64,4561,4335,95.04,226,65678.15,32.03,1.66,1.1,54.33,9.82,38.42,115.75,1.79,0.64
2014,Meghalaya,94948853,59,4926,4885,99.17,41,64515.8,30.27,1.8,1.2,51.78,6.53,26.7,103.88,1.59,0.69
2015,Meghalaya,96088239,63,5320,5314,99.89,6,69286.59,32.67,1.73,1.16,51.11,6.24,54.34,50.55,1.57,0.7
2016,Meghalaya,97241298,58,5746,5384,93.7,362,71349.52,30.01,1.8,1.2,50.82,6.27,38.49,101.87,1.47,0.64
2017,Meghalaya,98408194,54,6205,5312,85.61,893,83073.07,28.88,1.97,1.31,47.75,9.6,59.97,100.65,2.07,0.58
2018,Meghalaya,99589092,52,6702,6293,93.9,409,87285.31,26.79,2.02,1.34,51.06,9.32,26.36,60.62,1.6,0.57
2019,Meghalaya,100784161,49,7238,6725,92.91,513,87946.96,27.78,2.21,1.48,46.14,6.35,26.76,138.95,2.11,0.54
2020,Meghalaya,101993571,46,7817,7799,99.77,18,97594.57,26.24,2.23,1.48,43.32,6.26,21.37,131.31,2.2,0.42
2021,Meghalaya,103217494,45,8442,8399,99.49,43,103902.6,26.23,2.12,1.41,41.06,7.79,49.44,115.11,2.17,0.39
2022,Meghalaya,104456104,41,9118,9325,102.27,-207,117208.58,24.55,2.34,1.56,41.4,8.5,52.68,114.91,2.04,0.43
2023,Meghalaya,105709577,42,9847,10159,103.17,-312,115643.25,25.75,2.46,1.64,39.54,5.25,38.86,57.89,2.16,0.35
2024,Meghalaya,106978092,39,10635,9336,87.79,1299,126561.71,23.09,2.5,1.66,42.77,6.27,43.0,101.4,2.22,0.46
2010,Mizoram,74793843,74,2991,2912,97.36,79,45347.0,33.79,0.81,0.54,58.18,7.88,20.1,138.4,1.27,0.72
2011,Mizoram,75691369,71,3231,2788,86.29,443,51629.0,33.13,0.83,0.55,55.18,7.06,31.52,132.25,1.13,0.78
2012,Mizoram,76599665,69,3489,3048,87.36,441,61730.0,29.98,0.78,0.52,59.46,9.17,25.19,57.75,1.22,0.73
2013,Mizoram,77518861,68,3768,3932,104.35,-164,63374.15,30.75,0.83,0.55,55.24,11.33,31.71,64.74,0.84,0.72
2014,Mizoram,78449087,67,4070,4249,104.4,-179,70427.8,30.12,0.86,0.57,55.16,7.89,51.83,96.87,1.04,0.73
2015,Mizoram,79390476,61,4395,3960,90.1,435,73736.59,28.76,1.16,0.77,51.64,8.15,58.9,73.94,1.09,0.7
2016,Mizoram,80343162,64,4747,4402,92.73,345,71941.52,29.48,1.18,0.79,56.27,8.42,36.44,79.21,1.38,0.62
2017,Mizoram,81307280,59,5127,4969,96.92,158,77723.07,27.73,1.16,0.77,51.54,10.3,38.37,57.45,1.33,0.65
2018,Mizoram,82282967,55,5537,5335,96.35,202,90404.31,26.89,1.3,0.87,47.64,6.68,31.83,50.5,1.14,0.58
2019,Mizoram,83270363,54,5980,5807,97.11,173,95963.96,27.23,1.54,1.02,47.35,11.74,53.71,101.83,1.59,0.58
2020,Mizoram,84269607,49,6458,6001,92.92,457,95934.57,25.56,1.52,1.01,42.83,7.11,35.92,134.98,1.72,0.52
2021,Mizoram,85280843,50,6975,6132,87.91,843,106390.6,26.44,1.45,0.97,40.98,5.73,25.1,128.36,1.27,0.6
2022,Mizoram,86304213,47,7533,7328,97.28,205,109738.58,24.04,1.49,1.0,42.99,10.39,29.39,119.91,1.6,0.52
2023,Mizoram,87339863,47,8136,7752,95.28,384,120587.25,24.21,1.67,1.12,43.67,11.34,51.43,126.46,1.81,0.44
2024,Mizoram,88387942,41,8787,9069,103.21,-282,125031.71,23.2,1.83,1.22,38.23,6.28,22.0,76.36,1.65,0.43
2010,Nagaland,97211074,57,3888,3320,85.39,568,52563.0,21.79,0.52,0.35,57.09,9.65,36.09,140.12,0.99,0.58
2011,Nagaland,98377606,53,4199,4276,101.83,-77,51898.0,20.27,0.59,0.39,54.94,7.14,45.25,118.02,1.17,0.61
2012,Nagaland,99558138,54,4535,4339,95.68,196,61773.0,19.96,0.79,0.53,59.79,10.3,39.99,135.03,1.1,0.61
2013,Nagaland,100752835,50,4898,4420,90.24,478,58590.15,17.84,0.72,0.48,56.54,9.79,38.79,108.5,1.05,0.55
2014,Nagaland,101961869,45,5290,5554,104.99,-264,67428.8,16.72,0.85,0.57,53.07,7.51,39.64,93.65,1.23,0.36
2015,Nagaland,103185412,48,5713,5861,102.59,-148,70673.59,17.08,0.86,0.57,57.02,5.8,21.26,145.28,0.95,0.49
2016,Nagaland,104423637,38,6170,6467,104.81,-297,78399.52,13.88,0.94,0.63,47.57,10.22,55.0,143.16,1.16,0.35
2017,Nagaland,105676720,39,6664,6425,96.41,239,81422.07,14.23,1.01,0.67,49.07,6.16,45.26,56.56,1.42,0.36
2018,Nagaland,106944841,34,7197,6419,89.19,778,82794.31,11.33,1.03,0.69,49.41,5.95,50.77,97.46,1.2,0.35
2019,Nagaland,108228179,33,7773,7210,92.76,563,89638.96,11.58,1.21,0.81,47.5,6.53,24.93,85.53,1.38,0.31
2020,Nagaland,109526917,33,8394,8505,101.32,-111,100419.57,13.37,1.16,0.78,41.99,7.03,46.04,65.37,1.29,0.24
2021,Nagaland,110841240,26,9066,9514,104.94,-448,108535.6,9.01,1.43,0.96,45.49,9.09,56.18,51.94,1.47,0.36
2022,Nagaland,112171335,27,9791,9950,101.62,-159,114976.58,11.53,1.33,0.89,37.8,6.12,31.3,68.15,1.53,0.29
2023,Nagaland,113517391,26,10575,10949,103.54,-374,122068.25,10.12,1.55,1.03,42.56,6.1,42.34,95.12,1.68,0.32
2024,Nagaland,114879600,25,11421,10634,93.11,787,127084.71,11.73,1.58,1.06,37.18,10.5,44.54,122.16,1.33,0.17
2010,Odisha,37290590,70,1491,1348,90.41,143,49861.0,30.02,0.73,0.49,61.41,10.33,57.86,51.87,1.01,0.64
2011,Odisha,37738077,63,1610,1593,98.94,17,52900.0,28.17,1.03,0.69,55.57,7.56,53.45,98.13,1.2,0.6
2012,Odisha,38190934,71,1739,1530,87.98,209,57779.0,31.6,1.03,0.68,61.25,6.61,44.34,100.24,1.32,0.77
2013,Odisha,38649225,61,1879,1906,101.44,-27,57933.15,27.34,1.11,0.74,55.99,5.54,45.79,80.93,1.26,0.68
2014,Odisha,39113015,62,2029,1773,87.38,256,63657.8,27.29,0.99,0.66,55.75,10.26,36.36,109.31,1.13,0.64
2015,Odisha,39582372,58,2191,2223,101.46,-32,70869.59,26.78,1.18,0.78,52.38,9.99,23.92,134.22,1.25,0.56
2016,Odisha,40057360,56,2367,2408,101.73,-41,71490.52,26.31,1.26,0.84,51.82,10.43,26.76,126.7,1.24,0.49
2017,Odisha,40538048,51,2556,2183,85.41,373,84121.07,23.45,1.24,0.83,49.21,9.63,23.78,133.12,1.09,0.55
2018,Odisha,41024505,49,2760,2394,86.74,366,87886.31,22.73,1.45,0.96,49.28,11.56,23.37,96.94,1.65,0.49
2019,Odisha,41516799,49,2981,2639,88.53,342,87274.96,24.18,1.49,0.99,45.94,5.16,51.62,55.56,1.79,0.56
2020,Odisha,42015001,48,3220,2985,92.7,235,94146.57,23.87,1.56,1.04,46.59,5.05,34.33,69.67,1.49,0.42
2021,Odisha,42519181,41,3477,3168,91.11,309,101388.6,19.99,1.6,1.06,44.65,6.61,49.28,119.55,1.81,0.38
2022,Odisha,43029411,41,3756,3798,101.12,-42,113229.58,20.86,1.72,1.14,42.89,11.72,41.58,99.93,1.83,0.37
2023,Odisha,43545764,35,4056,3753,92.53,303,115585.25,17.84,1.78,1.19,40.97,5.44,34.93,57.41,1.41,0.38
2024,Odisha,44068313,36,4381,4104,93.68,277,125431.71,20.19,1.82,1.21,37.12,5.51,31.98,99.12,1.82,0.31
2010,Puducherry,110499422,63,4419,4297,97.24,122,52620.0,28.57,1.51,1.01,61.47,7.71,45.37,71.27,1.21,0.69
2011,Puducherry,111825415,58,4773,4928,103.25,-155,54214.0,26.57,1.63,1.09,58.12,8.98,39.42,115.37,1.61,0.67
2012,Puducherry,113167320,57,5155,5016,97.3,139,54473.0,26.65,1.66,1.11,56.55,10.43,48.81,130.6,1.45,0.65
2013,Puducherry,114525327,56,5567,5773,103.7,-206,62715.15,26.02,1.59,1.06,56.71,9.4,52.17,113.21,1.48,0.52
2014,Puducherry,115899631,51,6013,5350,88.97,663,64555.8,24.13,1.74,1.16,54.22,11.04,47.18,56.21,1.51,0.59
2015,Puducherry,117290427,50,6494,5777,88.96,717,68071.59,23.46,1.88,1.25,56.47,5.76,45.31,145.19,1.77,0.43
2016,Puducherry,118697912,47,7013,7058,100.64,-45,70910.52,23.49,1.78,1.19,48.2,5.27,59.42,85.21,1.55,0.57
2017,Puducherry,120122287,45,7575,6676,88.13,899,80809.07,23.96,2.09,1.39,46.71,6.98,47.23,80.98,2.1,0.39
2018,Puducherry,121563754,44,8181,6975,85.26,1206,84202.31,22.73,2.0,1.33,47.65,7.68,47.18,141.35,1.69,0.46
2019,Puducherry,123022519,39,8835,7960,90.1,875,91113.96,20.6,2.15,1.44,46.53,5.67,34.33,86.23,2.1,0.36
2020,Puducherry,124498790,32,9542,8824,92.48,718,97744.57,18.47,2.36,1.57,40.1,8.88,27.52,117.36,2.22,0.42
2021,Puducherry,125992775,33,10305,9033,87.66,1272,107404.6,18.04,2.33,1.55,43.85,5.79,48.06,55.84,2.09,0.43
2022,Puducherry,127504689,29,11130,10557,94.85,573,114188.58,17.66,2.38,1.59,38.43,5.59,23.58,112.97,1.85,0.3
2023,Puducherry,129034745,31,12020,12147,101.06,-127,117152.25,17.8,2.43,1.62,41.79,6.02,54.74,79.29,1.85,0.25
2024,Puducherry,130583162,26,12982,12557,96.73,425,128712.71,15.55,2.56,1.71,39.82,9.68,50.45,113.49,2.4,0.19
2010,Punjab,186478552,77,7459,7329,98.26,130,46026.0,38.2,1.52,1.01,59.64,11.21,54.32,124.93,1.73,0.82
2011,Punjab,188716294,75,8055,8313,103.2,-258,53617.0,37.95,1.48,0.98,56.48,6.19,58.2,73.95,1.18,0.69
2012,Punjab,190980890,74,8700,8117,93.3,583,62149.0,38.9,1.67,1.12,55.2,8.6,28.83,122.56,1.83,0.76
2013,Punjab,193272660,71,9396,8020,85.36,1376,64204.15,36.68,1.68,1.12,56.01,5.89,49.45,70.7,1.85,0.74
2014,Punjab,195591932,64,10148,10499,103.46,-351,69808.8,33.41,1.75,1.17,52.31,7.02,47.36,102.03,1.89,0.68
2015,Punjab,197939035,69,10959,11488,104.83,-529,72119.59,36.04,1.82,1.21,54.12,6.47,43.33,114.89,1.96,0.64
2016,Punjab,200314304,64,11836,12080,102.06,-244,79087.52,34.07,1.83,1.22,51.64,9.2,22.58,57.53,1.68,0.71
2017,Punjab,202718076,62,12783,11870,92.86,913,84403.07,33.97,2.05,1.37,51.06,6.47,28.38,89.55,2.15,0.52
2018,Punjab,205150692,58,13806,12326,89.28,1480,83839.31,32.52,2.02,1.34,46.08,11.8,20.26,108.91,1.58,0.59
2019,Punjab,207612501,55,14910,14789,99.19,121,93244.96,30.35,2.16,1.44,48.29,10.09,57.71,89.19,2.21,0.55
2020,Punjab,210103851,54,16103,13919,86.44,2184,100740.57,31.43,2.19,1.46,44.8,7.13,26.16,93.64,1.78,0.61
2021,Punjab,212625097,50,17392,15867,91.23,1525,106838.6,29.43,2.23,1.49,43.05,5.78,49.11,81.42,1.89,0.59
2022,Punjab,215176598,47,18783,17486,93.09,1297,116674.58,27.64,2.39,1.59,44.09,8.28,26.29,140.2,1.91,0.56
2023,Punjab,217758717,43,20286,20672,101.9,-386,120985.25,26.14,2.38,1.59,40.95,6.09,57.23,140.85,2.0,0.5
2024,Punjab,220371822,47,21908,19483,88.93,2425,125562.71,29.8,2.57,1.71,40.52,11.86,32.57,82.52,1.92,0.38
2010,Rajasthan,178800161,49,7152,7323,102.39,-171,49549.0,15.63,0.75,0.5,61.88,9.7,52.05,97.94,1.09,0.56
2011,Rajasthan,180945762,46,7724,7900,102.28,-176,50318.0,15.36,0.82,0.55,58.76,9.96,36.2,71.85,1.0,0.55
2012,Rajasthan,183117112,44,8342,7212,86.45,1130,52438.0,14.88,1.0,0.67,57.92,8.13,53.64,64.55,1.32,0.53
2013,Rajasthan,185314517,40,9009,8839,98.11,170,64103.15,12.86,1.11,0.74,57.68,6.76,59.54,103.34,0.98,0.31
2014,Rajasthan,187538291,41,9730,8418,86.52,1312,70052.8,13.71,1.25,0.83,57.7,11.42,45.38,145.72,1.21,0.44
2015,Rajasthan,189788751,33,10508,9510,90.5,998,70363.59,11.19,1.37,0.92,51.78,10.2,31.39,122.62,1.41,0.43
2016,Rajasthan,192066216,34,11349,10452,92.1,897,70821.52,11.14,1.29,0.86,53.55,6.31,50.05,134.39,1.4,0.34
2017,Rajasthan,194371010,28,12257,11946,97.46,311,75916.07,8.23,1.32,0.88,50.46,7.13,51.02,139.56,1.52,0.35
2018,Rajasthan,196703462,27,13237,13670,103.27,-433,88755.31,9.86,1.46,0.97,45.71,11.67,33.3,100.91,1.58,0.26
2019,Rajasthan,199063904,26,14296,12224,85.51,2072,90728.96,9.01,1.38,0.92,45.04,6.63,51.17,67.0,1.37,0.25
2020,Rajasthan,201452671,25,15440,15360,99.48,80,101736.57,8.78,1.6,1.07,46.23,9.74,41.43,139.66,1.49,0.33
2021,Rajasthan,203870103,20,16675,14451,86.66,2224,105480.6,8.01,1.81,1.21,41.15,8.38,54.26,134.78,1.63,0.18
2022,Rajasthan,206316544,19,18009,17144,95.2,865,114455.58,7.16,1.8,1.2,41.88,9.54,35.04,115.25,1.9,0.19
2023,Rajasthan,208792343,15,19450,19015,97.76,435,120955.25,5.04,1.78,1.19,39.71,9.73,20.34,123.75,1.85,0.21
2024,Rajasthan,211297851,13,21006,21403,101.89,-397,124793.71,5.16,1.99,1.33,37.71,5.36,59.35,75.43,1.62,0.16
2010,Sikkim,150419980,49,6016,5995,99.65,21,47771.0,20.04,1.75,1.17,61.44,6.69,48.81,55.84,1.61,0.54
2011,Sikkim,152225019,51,6498,6816,104.89,-318,51476.0,21.79,1.73,1.15,59.8,7.2,45.97,75.59,1.63,0.42
2012,Sikkim,154051719,46,7017,5987,85.32,1030,52453.0,20.0,2.01,1.34,59.96,10.55,53.61,84.51,2.01,0.41
2013,Sikkim,155900340,41,7579,6452,85.13,1127,59127.15,18.67,2.0,1.33,54.45,9.57,23.06,140.42,1.71,0.45
2014,Sikkim,157771144,43,8185,7224,88.26,961,66750.8,19.85,2.06,1.37,55.11,7.07,42.68,137.84,1.6,0.49
2015,Sikkim,159664398,36,8840,8043,90.98,797,67136.59,17.72,2.24,1.49,49.97,10.17,52.68,54.87,1.95,0.42
2016,Sikkim,161580371,37,9547,9607,100.63,-60,73996.52,18.12,2.33,1.55,51.2,10.19,20.19,114.0,2.01,0.34
2017,Sikkim,163519335,30,10311,9878,95.8,433,76884.07,14.11,2.22,1.48,47.66,10.66,34.99,139.18,1.98,0.29
2018,Sikkim,165481567,31,11136,10645,95.59,491,83720.31,15.95,2.35,1.57,45.64,5.14,28.1,102.96,2.37,0.33
2019,Sikkim,167467346,29,12027,12626,104.98,-599,93974.96,15.43,2.52,1.68,47.13,10.13,50.2,105.36,2.23,0.32
2020,Sikkim,169476954,25,12989,12296,94.66,693,95291.57,14.13,2.63,1.75,43.88,5.64,42.26,139.0,2.25,0.28
2021,Sikkim,171510678,25,14029,13900,99.08,129,104275.6,13.59,2.54,1.69,43.18,8.27,47.87,86.97,2.19,0.28
2022,Sikkim,173568806,20,15151,14624,96.52,527,116021.58,11.97,2.67,1.78,40.99,6.88,55.64,66.28,2.21,0.23
2023,Sikkim,175651631,21,16363,16424,100.37,-61,117078.25,13.34,2.73,1.82,39.37,11.77,45.81,89.73,2.44,0.24
2024,Sikkim,177759451,15,17672,17616,99.68,56,124422.71,10.69,2.99,2.0,39.37,5.42,22.6,80.94,2.22,0.24
2010,Tamil Nadu,82720837,91,3308,2901,87.7,407,49859.0,43.85,0.66,0.44,60.94,8.81,40.73,126.69,1.2,0.89
2011,Tamil Nadu,83713487,81,3573,3163,88.53,410,55211.0,39.84,0.87,0.58,55.86,7.26,41.17,143.13,1.36,0.71
2012,Tamil Nadu,84718048,80,3859,3448,89.35,411,57643.0,38.95,0.79,0.53,55.35,5.51,36.04,84.17,1.18,0.75
2013,Tamil Nadu,85734665,81,4168,3678,88.24,490,61900.15,39.03,0.91,0.61,57.76,5.17,51.39,76.49,1.01,0.87
2014,Tamil Nadu,86763481,80,4501,4377,97.25,124,64168.8,39.4,1.08,0.72,58.14,7.18,33.0,128.3,1.47,0.9
2015,Tamil Nadu,87804643,77,4861,4692,96.52,169,66974.59,38.33,1.1,0.73,54.53,9.43,43.86,63.78,1.31,0.73
2016,Tamil Nadu,88858298,71,5250,5498,104.72,-248,70683.52,36.13,1.19,0.8,50.7,11.58,43.31,149.31,1.59,0.68
2017,Tamil Nadu,89924598,70,5670,5275,93.03,395,83563.07,35.91,1.26,0.84,49.7,5.22,32.98,112.34,1.15,0.77
2018,Tamil Nadu,91003693,65,6124,5350,87.36,774,89167.31,33.94,1.31,0.87,47.27,8.62,32.68,118.0,1.09,0.71
2019,Tamil Nadu,92095738,70,6614,5642,85.3,972,87149.96,37.18,1.43,0.95,48.64,7.65,23.87,94.22,1.28,0.63
2020,Tamil Nadu,93200886,64,7143,7106,99.48,37,100374.57,34.62,1.57,1.04,46.46,10.23,27.46,111.97,1.38,0.67
2021,Tamil Nadu,94319297,60,7715,7645,99.09,70,100291.6,33.35,1.55,1.04,42.44,8.0,52.8,136.94,1.7,0.56
2022,Tamil Nadu,95451129,59,8332,8397,100.78,-65,115377.58,32.95,1.62,1.08,41.41,6.6,48.9,77.58,1.31,0.62
2023,Tamil Nadu,96596542,57,8998,9359,104.01,-361,122086.25,32.27,1.76,1.17,41.27,11.26,38.78,75.57,1.61,0.55
2024,Tamil Nadu,97755701,53,9718,8348,85.9,1370,127113.71,30.6,1.85,1.23,40.24,5.39,55.05,131.37,1.85,0.57
2010,Telangana,155350002,41,6214,6112,98.36,102,49829.0,12.61,0.98,0.65,58.26,8.0,21.76,69.43,1.12,0.39
2011,Telangana,157214202,38,6711,5760,85.83,951,51427.0,10.31,0.95,0.63,57.8,9.33,41.33,73.42,1.31,0.37
2012,Telangana,159100772,35,7248,6884,94.98,364,57795.0,9.04,1.03,0.69,57.38,9.41,46.0,136.92,1.31,0.32
2013,Telangana,161009981,35,7827,7158,91.45,669,59736.15,9.67,1.03,0.69,56.19,11.38,53.28,125.01,1.17,0.27
2014,Telangana,162942101,27,8454,7778,92.0,676,67315.8,7.41,1.24,0.82,48.49,5.64,57.91,104.81,1.34,0.32
2015,Telangana,164897406,27,9130,8041,88.07,1089,65389.59,7.05,1.32,0.88,50.5,5.49,38.5,78.78,1.16,0.27
2016,Telangana,166876175,23,9860,8865,89.91,995,73011.52,5.58,1.48,0.99,50.84,5.54,41.88,65.94,1.73,0.13
2017,Telangana,168878689,21,10649,10281,96.54,368,79070.07,5.07,1.44,0.96,47.68,8.07,57.41,76.7,1.63,0.24
2018,Telangana,170905233,23,11501,11045,96.04,456,87818.31,5.55,1.47,0.98,50.93,10.48,47.29,140.44,1.65,0.2
2019,Telangana,172956096,17,12421,10801,86.96,1620,94167.96,2.44,1.57,1.05,48.27,6.73,30.6,70.27,1.76,0.1
2020,Telangana,175031569,18,13415,14048,104.72,-633,99524.57,4.03,1.51,1.01,44.92,7.17,40.41,73.8,1.45,0.17
2021,Telangana,177131948,16,14488,14156,97.71,332,107776.6,2.75,1.58,1.05,45.0,10.39,59.48,118.89,1.68,0.1
2022,Telangana,179257532,15,15647,15903,101.64,-256,109961.58,2.12,1.81,1.21,47.8,11.03,29.16,115.81,1.55,0.13
2023,Telangana,181408622,11,16899,14365,85.01,2534,121015.25,2.0,1.81,1.21,41.68,5.99,59.6,74.69,1.63,0.2
2024,Telangana,183585526,10,18251,15677,85.9,2574,130386.71,2.0,2.11,1.41,37.6,5.89,51.79,96.44,2.17,0.19
2010,Tripura,199740407,43,7989,6937,86.83,1052,48143.0,13.26,0.96,0.64,60.35,7.42,46.51,94.17,1.17,0.45
2011,Tripura,202137291,41,8628,7963,92.29,665,57882.0,11.97,1.15,0.77,61.8,11.97,36.97,147.32,1.24,0.41
2012,Tripura,204562939,37,9319,8918,95.7,401,53989.0,10.9,1.14,0.76,57.78,6.17,32.34,54.51,1.1,0.28
2013,Tripura,207017694,33,10064,9872,98.09,192,63384.15,9.26,1.32,0.88,56.85,8.51,46.27,89.16,1.28,0.39
2014,Tripura,209501906,28,10869,9253,85.13,1616,70197.8,6.43,1.36,0.91,55.88,7.94,33.23,110.42,1.3,0.27
2015,Tripura,212015929,28,11739,11291,96.18,448,68067.59,7.41,1.4,0.93,53.08,11.22,59.21,78.4,1.41,0.32
2016,Tripura,214560121,25,12678,11730,92.52,948,75750.52,8.3,1.52,1.01,46.26,7.05,42.12,93.12,1.68,0.23
2017,Tripura,217134842,23,13692,12002,87.66,1690,80969.07,5.9,1.62,1.08,50.95,6.2,29.82,54.27,1.41,0.23
2018,Tripura,219740460,24,14788,14950,101.1,-162,83386.31,7.15,1.72,1.15,49.57,11.16,43.48,115.58,1.52,0.21
2019,Tripura,222377346,20,15971,14579,91.28,1392,91193.96,5.47,1.62,1.08,45.93,5.64,27.73,81.1,1.59,0.15
2020,Tripura,225045874,19,17248,15538,90.09,1710,98257.57,5.41,1.71,1.14,45.79,11.85,26.32,114.97,1.35,0.19
2021,Tripura,227746424,13,18628,16246,87.21,2382,104671.6,3.34,1.83,1.22,41.84,7.28,58.81,62.63,1.44,0.16
2022,Tripura,230479381,11,20119,17929,89.11,2190,109864.58,2.08,1.95,1.3,43.19,9.28,36.88,95.03,1.53,0.18
2023,Tripura,233245134,10,21728,19149,88.13,2579,119974.25,2.0,1.99,1.33,40.03,11.25,20.44,126.35,1.99,0.12
2024,Tripura,236044076,10,23467,23739,101.16,-272,126462.71,2.0,2.07,1.38,38.28,9.21,36.54,86.9,1.99,0.1
2010,Uttar Pradesh,9874087,64,394,337,85.53,57,46747.0,26.34,0.98,0.65,62.11,10.72,28.86,146.3,1.13,0.72
2011,Uttar Pradesh,9992576,59,426,377,88.5,49,54988.0,25.29,1.1,0.73,57.56,7.54,53.23,127.4,1.06,0.51
2012,Uttar Pradesh,10112486,55,460,480,104.35,-20,52917.0,23.65,1.04,0.69,54.47,9.73,40.97,54.46,1.18,0.58
2013,Uttar Pradesh,10233836,55,497,469,94.37,28,63189.15,24.46,1.27,0.85,54.04,11.28,50.75,149.1,1.52,0.48
2014,Uttar Pradesh,10356642,53,537,510,94.97,27,67019.8,22.94,1.26,0.84,55.81,10.95,48.68,145.29,1.22,0.61
2015,Uttar Pradesh,10480922,48,580,597,102.93,-17,74338.59,21.65,1.47,0.98,52.54,11.8,37.16,118.61,1.38,0.55
2016,Uttar Pradesh,10606693,44,626,555,88.66,71,76569.52,20.65,1.56,1.04,48.17,8.63,36.99,68.04,1.47,0.45
2017,Uttar Pradesh,10733973,41,676,657,97.19,19,83749.07,18.35,1.56,1.04,49.27,6.59,46.36,67.07,1.33,0.33
2018,Uttar Pradesh,10862781,42,731,742,101.5,-11,88083.31,19.6,1.74,1.16,48.78,7.24,54.9,65.81,1.63,0.48
2019,Uttar Pradesh,10993135,41,789,789,100.0,0,92672.96,19.18,1.57,1.04,46.69,8.62,42.11,105.81,1.84,0.48
2020,Uttar Pradesh,11125052,37,852,744,87.32,108,100012.57,17.76,1.78,1.19,45.33,9.41,50.7,76.34,1.46,0.36
2021,Uttar Pradesh,11258553,36,920,950,103.26,-30,106914.6,17.31,1.76,1.17,45.35,9.74,42.91,56.64,1.57,0.44
2022,Uttar Pradesh,11393655,34,994,1014,102.01,-20,109422.58,17.92,1.89,1.26,41.16,9.3,25.8,136.64,1.86,0.35
2023,Uttar Pradesh,11530379,32,1074,1057,98.42,17,115760.25,16.81,2.06,1.37,42.09,9.77,27.88,134.08,1.9,0.29
2024,Uttar Pradesh,11668744,30,1160,1068,92.07,92,128305.71,15.79,2.13,1.42,41.65,9.99,28.69,72.48,1.83,0.31
2010,Uttarakhand,166121153,47,6644,5899,88.79,745,46675.0,15.48,0.86,0.57,59.77,7.9,20.54,114.85,1.29,0.42
2011,Uttarakhand,168114606,46,7176,7300,101.73,-124,54835.0,16.74,1.19,0.79,59.37,6.98,25.53,121.47,1.28,0.41
2012,Uttarakhand,170131982,39,7750,6858,88.49,892,55095.0,13.16,1.25,0.83,56.61,8.6,55.72,142.37,1.53,0.33
2013,Uttarakhand,172173565,38,8370,8580,102.51,-210,60339.15,13.26,1.35,0.9,55.5,9.86,36.5,112.18,1.61,0.48
2014,Uttarakhand,174239648,37,9040,8609,95.23,431,69464.8,13.53,1.24,0.83,51.59,5.55,21.37,106.62,1.12,0.43
2015,Uttarakhand,176330524,37,9763,8851,90.66,912,69368.59,13.5,1.47,0.98,53.31,6.48,31.91,108.86,1.5,0.32
2016,Uttarakhand,178446490,37,10544,10290,97.59,254,74354.52,13.87,1.43,0.95,52.19,7.32,38.83,130.21,1.72,0.46
2017,Uttarakhand,180587848,30,11388,11638,102.2,-250,85218.07,11.65,1.58,1.05,47.31,11.8,55.68,111.1,1.38,0.22
2018,Uttarakhand,182754902,30,12299,11585,94.19,714,87354.31,10.94,1.62,1.08,49.05,6.94,52.86,142.94,1.52,0.32
2019,Uttarakhand,184947961,28,13283,13262,99.84,21,91970.96,10.96,1.72,1.14,48.0,9.68,57.1,85.88,1.42,0.25
2020,Uttarakhand,187167337,25,14345,14966,104.33,-621,94662.57,9.77,1.77,1.18,45.04,9.25,32.55,129.66,1.69,0.32
2021,Uttarakhand,189413345,17,15493,13520,87.27,1973,106771.6,5.01,1.89,1.26,46.1,5.52,22.98,96.94,1.58,0.1
2022,Uttarakhand,191686305,20,16732,17501,104.6,-769,115185.58,7.04,1.9,1.27,45.7,6.77,29.86,79.96,1.64,0.19
2023,Uttarakhand,193986541,15,18071,18884,104.5,-813,116663.25,5.72,1.98,1.32,40.37,10.84,37.92,147.07,1.69,0.1
2024,Uttarakhand,196314379,13,19517,20069,102.83,-552,125941.71,5.38,1.98,1.32,36.23,11.6,40.02,74.82,1.72,0.1
2010,West Bengal,88782825,59,3551,3584,100.93,-33,49296.0,25.91,1.51,1.01,61.88,5.32,56.5,71.38,1.39,0.63
2011,West Bengal,89848218,55,3835,3845,100.26,-10,53842.0,23.79,1.4,0.93,57.68,9.62,37.06,126.5,1.3,0.62
2012,West Bengal,90926397,54,4142,3664,88.46,478,56275.0,24.09,1.53,1.02,57.04,7.82,53.29,147.87,1.59,0.62
2013,West Bengal,92017514,54,4473,4538,101.45,-65,64336.15,24.66,1.56,1.04,56.61,11.51,28.47,63.9,1.42,0.64
2014,West Bengal,93121724,50,4831,4583,94.87,248,64857.8,22.64,1.64,1.09,55.41,11.53,46.12,117.88,1.48,0.52
2015,West Bengal,94239185,47,5218,5427,104.01,-209,70514.59,21.13,1.74,1.16,55.67,5.96,57.97,61.55,1.96,0.52
2016,West Bengal,95370055,44,5635,5002,88.77,633,70600.52,19.83,1.8,1.2,53.51,5.44,34.73,53.23,1.67,0.35
2017,West Bengal,96514496,43,6086,5749,94.46,337,78963.07,20.94,1.85,1.23,48.84,9.35,35.04,86.79,1.76,0.52
2018,West Bengal,97672670,40,6573,6543,99.54,30,87045.31,20.5,1.97,1.31,45.35,11.62,29.74,127.16,1.87,0.49
2019,West Bengal,98844742,37,7099,7380,103.96,-281,95205.96,18.21,1.96,1.31,46.97,7.8,59.19,107.88,1.96,0.36
2020,West Bengal,100030878,35,7667,7437,97.0,230,95283.57,18.18,2.09,1.39,43.79,6.46,54.52,147.17,2.09,0.26
2021,West Bengal,101231249,36,8280,8524,102.95,-244,105453.6,19.8,2.11,1.4,42.47,11.82,50.31,69.63,1.91,0.35
2022,West Bengal,102446024,29,8942,8819,98.62,123,107797.58,16.26,2.31,1.54,40.82,9.43,40.6,111.69,1.75,0.38
2023,West Bengal,103675376,24,9658,9798,101.45,-140,122201.25,13.6,2.31,1.54,38.56,9.1,41.87,145.71,2.29,0.18
2024,West Bengal,104919481,25,10430,10016,96.03,414,125385.71,14.58,2.35,1.56,39.16,5.26,26.37,126.08,2.18,0.31
